,Day_of_week,Age_band_of_driver,Sex_of_driver,Educational_level,Vehicle_driver_relation,Driving_experience,Type_of_vehicle,Owner_of_vehicle,Area_accident_occured,Lanes_or_Medians,Road_allignment,Types_of_Junction,Road_surface_type,Road_surface_conditions,Light_conditions,Weather_conditions,Type_of_collision,Vehicle_movement,Casualty_class,Sex_of_casualty,Age_band_of_casualty,Casualty_severity,Pedestrian_movement,Cause_of_accident
1361,3,1,1,4,0,2,5,3,9,6,5,7,0,3,0,2,8,1,0,1,4,2,5,11
1362,0,0,1,0,0,2,9,3,7,2,5,2,3,0,0,0,8,2,1,1,4,2,5,0
1363,0,0,1,4,0,3,5,3,7,1,5,2,0,0,0,0,1,1,3,2,5,3,5,1
1364,4,4,0,1,0,1,7,3,7,1,5,1,0,0,0,2,8,2,3,2,5,3,5,3
1365,4,1,1,4,0,2,5,3,7,4,5,1,0,0,0,2,8,2,3,2,5,3,5,10
1366,5,2,1,4,0,2,0,3,7,2,5,7,4,0,0,0,8,2,0,0,1,2,5,7
1367,1,1,1,4,0,2,11,0,9,6,3,7,0,3,0,0,8,2,3,2,5,3,5,5
1368,1,0,1,4,0,2,5,3,6,2,5,7,0,3,0,0,8,2,0,1,3,2,5,1
1369,3,0,1,4,0,2,7,3,6,2,5,0,0,3,0,2,8,2,2,0,1,2,5,3
1370,0,0,1,4,0,0,7,3,7,2,5,0,0,3,0,2,2,2,2,1,3,2,5,9
1371,0,1,1,0,2,2,0,3,7,1,5,0,0,3,0,2,1,2,1,0,4,0,5,18
1372,1,2,1,4,0,1,5,3,6,2,5,7,0,0,3,2,8,2,0,1,0,0,5,1
1373,1,1,1,4,2,2,8,3,6,4,5,7,0,0,3,2,8,3,1,1,0,1,5,3
1374,5,0,1,2,0,1,0,3,7,2,5,1,0,0,3,2,2,2,1,1,4,1,5,12
1375,4,0,1,4,0,3,0,3,7,2,5,7,0,3,3,2,8,2,3,2,5,3,5,9
1376,4,0,1,4,0,4,7,0,9,2,5,7,0,3,3,2,8,2,0,1,1,2,5,0
1377,2,1,1,4,0,4,0,3,7,4,5,0,0,3,3,2,8,2,3,2,5,3,5,17
1378,2,2,1,4,2,2,14,3,6,4,5,0,0,3,3,2,8,2,0,1,4,2,5,10
1379,6,2,1,4,0,1,7,3,6,4,5,7,0,3,2,4,8,2,1,0,3,2,5,3
1380,6,1,1,4,0,2,0,3,7,4,5,7,0,3,2,4,8,2,3,2,5,3,5,10
1381,1,1,1,1,0,5,12,3,7,2,5,7,3,0,3,2,8,2,3,2,5,3,5,0
1382,1,1,1,4,0,3,0,3,7,4,5,7,0,0,3,2,8,2,3,2,5,3,5,11
1383,6,0,1,4,2,3,7,3,6,2,5,7,0,3,0,4,2,2,0,1,0,2,5,10
1384,6,1,1,4,0,3,5,3,6,2,5,7,0,3,0,4,2,2,3,2,5,3,5,10
1385,6,1,1,4,0,3,5,3,7,2,3,7,4,3,0,4,2,2,0,1,4,2,5,0
1386,6,1,1,4,2,2,5,3,2,6,5,7,0,3,0,4,8,2,2,0,4,2,0,10
1387,6,1,1,4,0,4,14,0,4,4,5,7,4,3,0,4,1,2,3,2,5,3,5,0
1388,6,1,1,4,0,1,5,1,7,4,5,7,0,3,0,4,8,2,0,1,1,1,5,10
1389,6,1,1,4,0,2,0,3,7,2,5,7,0,3,0,4,1,2,1,0,3,2,5,10
1390,0,0,1,0,0,0,0,3,6,4,7,1,0,3,3,2,8,2,3,2,5,3,5,10
1391,0,0,1,4,0,0,8,3,7,1,5,1,0,3,3,2,1,7,0,1,1,2,5,0
1392,6,0,1,4,0,0,15,3,1,4,3,0,0,3,3,3,8,2,3,2,5,3,5,1
1393,6,3,2,5,0,2,0,0,7,2,3,0,0,3,3,3,8,2,3,2,5,3,5,9
1394,1,1,1,4,0,3,0,0,2,2,5,7,0,3,0,3,8,2,0,1,1,2,5,1
1395,1,0,1,4,0,3,0,3,9,4,5,7,0,3,0,3,8,11,3,2,5,3,5,10
1396,2,0,1,4,0,2,3,3,6,2,5,2,0,3,3,2,8,2,0,1,1,2,5,16
1397,2,1,1,4,0,1,9,3,7,2,5,2,0,3,3,2,8,2,0,1,4,1,5,13
1398,0,1,1,4,0,4,8,0,6,4,5,7,0,3,3,2,8,2,3,2,5,3,5,13
1399,5,0,1,4,0,0,0,3,6,6,5,1,0,0,0,2,8,2,0,1,0,1,5,1
1400,5,0,1,4,0,2,7,3,7,1,0,1,0,0,0,2,8,2,0,1,1,2,5,11
1401,5,0,1,4,0,4,5,3,9,4,5,1,0,0,0,2,8,2,3,2,5,3,5,12
1402,5,1,1,1,0,2,0,3,1,1,5,1,0,0,0,2,8,11,2,0,1,2,6,0
1403,4,2,1,4,0,1,8,3,2,4,5,1,0,2,0,1,8,3,3,2,5,3,5,0
1404,4,0,1,4,0,2,5,3,7,1,5,1,0,2,0,1,6,2,0,1,3,2,5,16
1405,3,1,1,1,0,2,5,3,7,4,5,1,0,0,3,2,2,9,3,2,5,3,5,10
1406,3,2,1,4,0,3,3,3,7,2,5,1,0,0,3,2,8,9,0,0,1,2,5,12
1407,5,0,1,4,0,0,11,0,9,6,5,1,0,0,2,2,8,7,0,0,0,2,5,1
1408,6,0,1,2,0,4,11,3,12,6,5,7,0,3,3,4,8,7,3,2,5,3,5,0
1409,6,1,1,1,0,3,0,3,2,2,5,7,2,3,3,4,1,7,0,1,0,2,5,10
1410,1,3,1,2,2,0,0,3,7,6,5,0,0,0,0,2,1,3,0,1,0,2,5,3
1411,1,1,1,4,0,1,0,3,7,2,5,0,0,0,0,2,8,2,2,1,4,2,6,11
1412,2,0,1,4,0,2,7,3,6,4,5,3,0,0,3,2,8,2,0,1,1,2,5,3
1413,2,0,1,2,2,1,9,3,6,2,5,3,0,0,3,2,1,2,0,1,0,2,5,9
1414,2,0,1,2,0,3,0,3,7,4,5,3,0,0,3,2,1,2,0,1,1,2,5,10
1415,6,1,1,4,0,0,14,3,3,4,5,1,0,0,3,2,1,2,0,1,4,2,5,10
1416,6,2,1,1,0,0,0,3,7,4,5,1,0,0,3,2,8,2,1,0,4,2,5,10
1417,0,3,1,2,0,0,0,3,7,2,5,0,0,0,0,2,2,2,3,2,5,3,5,0
1418,0,0,1,0,0,2,0,3,7,4,5,0,0,0,0,2,8,2,0,1,0,2,5,0
1419,6,1,1,4,0,2,0,3,7,0,5,1,0,0,3,2,8,2,1,1,0,2,5,9
1420,4,3,1,4,0,2,0,0,7,2,6,7,3,3,0,2,2,9,3,2,5,3,5,1
1421,5,0,1,1,2,2,8,3,3,2,5,5,0,0,3,2,8,2,0,1,3,1,5,12
1422,5,1,1,1,0,2,16,3,7,2,5,5,2,0,3,2,8,3,3,2,5,3,5,9
1423,5,1,1,2,2,2,8,3,7,1,5,5,0,0,3,2,8,2,1,1,4,1,5,3
1424,0,2,1,4,0,2,7,3,7,2,6,7,0,3,0,2,8,2,1,0,4,1,5,3
1425,0,1,1,4,2,0,14,3,6,2,5,7,0,3,0,2,1,3,3,2,5,3,5,5
1426,2,2,1,4,0,1,8,3,9,2,5,2,2,0,0,2,6,2,3,2,5,3,5,11
1427,1,2,1,4,2,2,5,3,7,2,5,1,0,3,0,2,8,2,0,1,0,2,5,12
1428,1,0,1,4,2,3,5,3,9,2,5,1,0,3,0,2,8,12,1,0,4,2,5,3
1429,0,0,1,2,0,2,0,3,7,4,5,1,0,0,2,2,8,3,1,0,0,2,5,9
1430,6,2,1,2,2,1,0,3,9,0,5,0,0,0,3,2,2,3,2,0,3,2,5,3
1431,6,2,1,4,0,2,8,3,6,2,5,0,0,0,3,2,8,2,0,0,1,2,5,12
1432,0,3,1,1,0,1,8,3,6,2,6,1,0,0,3,2,6,11,3,2,5,3,5,1
1433,0,1,1,1,0,2,5,3,6,0,5,1,0,0,3,2,2,2,0,1,0,2,5,0
1434,6,3,1,4,0,0,9,3,1,2,5,7,0,3,3,3,8,2,3,2,5,3,5,12
1435,6,0,1,4,0,2,7,3,7,2,5,7,0,3,3,3,8,2,3,2,5,3,5,3
1436,4,1,1,4,0,2,14,3,7,6,5,7,0,0,3,2,8,3,3,2,5,3,5,9
1437,6,2,1,1,0,3,0,3,7,2,5,7,0,0,3,2,8,2,3,2,5,3,5,10
1438,1,4,1,1,0,4,0,3,7,0,5,7,0,0,0,2,8,2,1,1,1,2,5,0
1439,1,4,1,4,0,1,5,3,7,4,7,7,0,0,3,2,8,2,1,0,1,2,5,0
1440,1,0,1,1,2,0,14,3,6,2,5,2,0,3,0,4,1,2,2,0,4,1,2,10
1441,5,4,1,4,2,2,5,3,6,2,5,0,0,3,3,2,8,2,3,2,5,3,5,0
1442,0,1,1,4,0,1,11,3,6,1,5,0,0,3,3,4,8,7,0,1,3,1,5,3
1443,0,4,1,4,0,1,0,3,9,0,5,0,0,3,3,4,2,2,0,1,0,1,5,0
1444,4,1,1,2,0,1,0,0,1,2,5,7,0,3,3,2,8,2,3,2,5,3,5,10
1445,4,1,1,4,0,3,0,3,2,0,5,7,0,3,3,2,8,2,3,2,5,3,5,1
1446,4,1,1,4,0,1,0,3,6,4,5,0,0,3,3,3,8,2,0,1,1,2,5,10
1447,4,1,1,4,0,0,5,3,7,2,5,0,2,3,3,3,2,2,1,0,0,2,5,4
1448,3,2,1,4,0,1,5,3,9,6,3,1,0,0,3,2,8,2,2,1,3,2,5,10
1449,3,1,1,4,0,2,0,3,12,6,5,1,0,0,3,2,8,2,3,2,5,3,5,16
1450,0,1,1,4,0,0,14,3,6,2,5,7,4,0,3,2,8,2,0,1,3,2,5,5
1451,0,2,1,1,0,0,9,3,7,6,5,7,0,0,3,2,8,12,2,0,4,2,5,11
1452,5,1,1,4,0,1,9,3,7,2,5,7,0,0,3,3,8,2,0,0,0,1,5,9
1453,5,1,1,4,0,3,0,1,6,2,7,7,0,0,3,3,8,2,1,0,4,2,5,1
1454,0,0,1,4,0,4,9,3,6,2,5,2,0,3,0,4,8,2,3,2,5,3,5,0
1455,0,4,0,4,0,3,9,3,7,4,5,2,0,3,0,4,2,2,0,0,1,2,5,1
1456,4,1,1,1,2,2,5,3,6,2,5,7,0,0,3,2,8,2,3,2,5,3,5,5
1457,4,1,1,1,0,3,0,3,4,2,5,7,0,0,3,2,8,2,1,1,1,2,5,12
1458,6,0,1,4,0,0,5,3,6,4,5,7,0,0,0,2,8,2,3,2,5,3,5,12
1459,6,0,1,4,0,2,0,3,7,4,5,7,0,0,0,2,8,2,0,1,1,2,5,0
1460,6,4,0,2,2,2,0,3,7,2,5,0,0,0,3,2,8,2,2,1,1,2,1,1
1461,0,1,1,1,0,1,14,3,6,2,5,7,0,0,3,2,8,2,3,2,5,3,5,1
1462,0,1,1,4,0,2,0,3,2,2,5,7,0,0,0,2,8,2,0,1,1,2,5,0
1463,0,1,1,4,0,2,0,3,6,6,5,7,0,0,3,2,2,2,1,1,1,2,5,0
1464,0,1,1,2,2,0,0,3,9,6,5,7,0,0,3,2,6,2,0,1,3,2,5,7
1465,3,0,1,4,0,0,14,3,1,2,5,1,0,0,0,2,8,9,1,0,1,2,5,16
1466,3,1,1,4,0,0,0,0,7,6,5,1,0,0,0,2,8,7,0,1,0,2,5,0
1467,2,4,1,4,0,3,7,3,2,4,5,1,0,0,0,2,8,3,3,2,5,3,5,5
1468,0,1,1,4,0,0,7,3,7,1,5,3,0,0,3,2,8,2,0,0,1,2,5,3
1469,0,0,1,2,2,3,0,3,7,2,5,3,0,0,3,2,8,3,3,2,5,3,5,9
1470,0,1,1,4,0,3,5,3,2,4,5,7,0,3,0,4,8,2,3,2,5,3,5,10
1471,5,4,1,4,0,0,5,3,6,2,6,0,3,0,0,2,8,2,0,1,1,2,5,12
1472,5,1,1,4,0,0,5,3,6,0,5,7,0,0,3,2,8,2,3,2,5,3,5,17
1473,5,4,1,2,0,1,0,1,2,2,5,7,0,0,3,2,2,2,0,0,1,2,5,0
1474,6,2,1,4,0,1,0,1,7,4,7,1,0,3,3,4,8,2,1,0,4,2,5,10
1475,6,0,1,4,0,0,10,3,7,4,5,1,0,3,3,4,8,11,0,0,1,2,5,9
1476,0,0,1,1,0,2,10,3,2,4,5,0,0,0,0,2,8,2,2,1,1,1,6,12
1477,0,1,1,4,0,2,5,3,4,2,6,0,0,0,0,2,8,11,2,1,1,1,5,12
1478,4,1,1,4,0,0,5,3,6,4,5,0,0,0,0,2,1,2,3,2,5,3,5,10
1479,4,4,0,1,1,2,9,3,12,4,5,0,0,0,0,2,1,3,0,1,1,1,5,10
1480,0,1,1,4,0,1,7,3,7,4,5,1,0,0,3,2,8,2,3,2,5,3,5,16
1481,3,1,1,1,0,2,5,3,2,1,5,0,0,3,3,2,8,2,0,1,0,2,5,5
1482,3,2,1,4,0,3,0,3,6,4,5,0,0,3,3,2,8,3,3,2,5,3,5,1
1483,0,2,1,4,0,3,7,3,7,6,3,7,0,0,0,2,6,2,0,1,1,2,5,0
1484,2,0,1,1,2,1,6,3,7,6,5,1,0,0,0,2,8,9,2,0,4,1,1,3
1485,2,2,1,1,0,2,0,3,7,2,5,1,0,0,0,2,8,2,0,1,0,1,5,9
1486,3,1,1,4,2,0,0,3,7,1,5,7,0,0,3,2,1,2,3,2,5,3,5,9
1487,2,1,1,1,0,3,5,3,2,2,6,7,0,0,0,2,8,11,0,0,1,2,5,1
1488,0,0,1,4,0,2,0,0,9,2,5,1,0,0,0,2,8,2,3,2,5,3,5,12
1489,0,4,1,4,0,1,11,3,6,2,6,1,3,0,0,2,8,2,3,2,5,3,5,2
1490,2,1,1,1,0,3,5,3,7,2,5,7,0,3,3,4,1,2,3,2,5,3,5,5
1491,0,1,1,4,0,1,11,3,6,2,6,0,3,0,3,2,8,2,3,2,5,3,5,1
1492,0,4,1,1,0,3,5,3,7,2,5,0,0,0,3,2,1,7,0,0,0,2,5,3
1493,5,0,1,4,0,3,5,3,2,4,5,7,0,0,3,2,8,2,1,0,4,2,5,10
1494,5,0,1,4,0,1,5,3,6,2,5,7,0,0,3,2,8,3,2,1,4,2,0,0
1495,5,0,1,4,0,3,9,3,7,2,5,7,0,0,3,2,8,2,3,2,5,3,5,10
1496,5,1,1,4,0,3,9,3,7,2,5,7,0,0,3,2,8,2,0,1,1,1,5,10
1497,6,2,1,4,0,4,14,3,12,2,5,7,0,0,3,2,8,2,3,2,5,3,5,7
1498,6,2,1,4,2,3,5,3,2,0,6,7,0,0,3,2,2,2,0,1,0,1,5,16
1499,6,1,1,2,1,3,0,3,12,4,5,7,0,0,3,2,8,2,3,2,5,3,5,3
1500,6,4,1,4,0,2,8,3,9,0,5,7,0,0,3,2,8,9,0,1,3,2,5,5
1501,4,4,0,1,0,2,0,3,6,2,5,1,0,0,0,2,2,2,0,0,0,2,5,9
1502,6,1,1,4,0,2,10,3,6,4,5,7,0,0,3,2,8,2,0,0,3,2,5,17
1503,6,1,1,4,0,2,11,0,2,2,5,7,0,0,3,2,8,3,3,2,5,3,5,5
1504,6,0,1,4,2,4,14,3,9,4,5,0,0,0,0,2,8,2,2,0,4,2,2,1
1505,6,1,1,4,0,2,0,3,6,6,5,0,0,0,0,2,8,2,2,1,3,2,5,0
1506,4,0,1,1,0,1,5,3,9,1,5,2,0,0,0,2,1,2,3,2,5,3,5,10
1507,4,0,1,4,2,1,14,3,7,2,5,2,0,0,0,2,1,4,0,1,0,2,5,10
1508,2,1,1,1,0,1,5,0,7,2,5,0,0,0,3,2,8,2,1,0,0,2,5,12
1509,2,3,1,4,2,1,9,3,9,2,5,0,0,0,3,2,8,2,0,1,3,2,5,9
1510,3,3,2,4,0,3,5,3,4,4,5,1,0,0,0,2,2,9,3,2,5,3,5,9
1511,3,4,0,4,0,1,7,3,7,4,3,1,0,0,0,2,8,3,0,0,4,2,5,7
1512,4,0,1,4,0,0,14,3,6,4,5,1,0,3,3,4,8,2,0,1,0,1,5,0
1513,4,1,1,4,0,1,0,1,7,2,7,1,0,3,3,4,8,2,0,1,1,2,5,0
1514,4,4,1,4,0,0,11,0,7,4,5,7,0,0,3,2,8,2,1,1,0,2,5,12
1515,4,0,1,4,0,2,7,3,7,2,5,7,0,0,3,2,2,7,0,0,0,2,5,1
1516,0,2,1,4,0,2,5,3,7,0,5,1,0,0,3,2,8,2,2,0,4,1,6,1
1517,0,1,1,1,2,1,0,3,6,4,5,1,0,0,3,2,8,2,2,0,4,2,6,3
1518,0,0,1,1,0,4,11,0,7,2,5,1,0,0,3,2,2,2,3,2,5,3,5,0
1519,1,2,1,4,0,2,0,3,7,6,5,7,0,0,0,2,8,6,0,1,0,1,5,1
1520,1,1,1,4,0,3,0,1,7,2,5,7,0,0,0,2,2,2,3,2,5,3,5,5
1521,6,4,1,2,0,0,8,3,7,6,3,1,0,0,3,2,8,2,0,1,0,1,5,3
1522,5,1,1,4,2,2,9,3,6,4,5,7,0,0,0,2,8,11,2,1,4,2,5,10
1523,5,1,1,4,0,0,5,3,6,1,5,7,0,0,0,2,8,2,0,0,3,2,5,12
1524,5,0,1,4,0,3,5,3,2,6,5,1,0,0,3,2,8,2,3,2,5,3,5,12
1525,5,1,1,4,0,4,5,3,6,0,5,1,0,0,3,2,8,8,3,2,5,3,5,12
1526,5,1,1,1,0,1,10,3,6,6,5,0,0,0,3,2,8,2,0,0,0,2,5,0
1527,5,0,1,4,0,2,5,3,6,2,5,0,0,0,3,2,8,5,2,1,4,1,1,9
1528,5,4,0,1,0,2,5,3,6,1,5,1,0,0,3,2,8,2,3,2,5,3,5,3
1529,0,1,1,4,2,0,6,3,9,4,5,7,0,0,3,2,1,7,0,1,1,2,5,5
1530,2,0,1,4,0,2,5,3,9,6,5,1,0,3,0,2,2,2,1,0,1,2,5,1
1531,2,0,1,5,1,2,12,3,9,4,5,1,0,3,0,2,8,2,3,2,5,3,5,12
1532,0,0,1,2,0,1,0,3,6,0,5,0,0,3,0,2,8,11,2,1,4,2,5,1
1533,0,2,1,4,0,0,5,3,9,2,3,0,0,3,0,2,2,2,2,1,3,2,5,4
1534,0,1,1,4,0,2,8,0,7,2,5,7,0,3,0,4,8,3,3,2,5,3,5,9
1535,0,1,1,4,0,1,11,0,7,2,5,7,0,3,0,4,8,2,0,1,3,2,5,12
1536,0,1,1,4,0,5,14,3,7,2,5,7,0,3,0,4,1,3,3,2,5,3,5,10
1537,2,0,1,4,0,3,0,3,12,0,5,0,0,3,3,2,8,2,0,1,1,2,5,3
1538,2,3,1,4,0,3,9,3,12,0,5,0,0,3,3,2,1,2,2,0,4,1,6,0
1539,1,2,1,4,0,2,0,3,12,4,5,7,0,0,3,2,8,11,2,1,4,2,0,12
1540,1,4,1,2,0,1,0,3,9,1,5,7,0,0,3,2,8,2,1,0,1,2,5,12
1541,1,1,1,2,2,1,0,3,7,4,5,7,0,3,0,4,2,2,2,0,4,2,5,10
1542,1,0,1,4,0,4,5,3,6,2,5,7,0,3,0,4,8,2,3,2,5,3,5,4
1543,1,1,1,4,2,3,0,3,7,2,5,1,0,0,3,2,8,9,0,0,3,2,5,3
1544,1,0,1,4,0,3,0,3,12,4,5,7,0,0,3,2,8,2,1,0,0,2,5,3
1545,5,1,1,1,0,1,9,3,7,0,5,1,0,0,3,2,1,2,3,2,5,3,5,1
1546,5,1,1,4,0,1,15,3,4,2,5,7,0,3,0,4,2,2,0,1,0,2,5,3
1547,5,1,1,5,0,3,0,3,7,2,5,7,0,3,0,4,1,7,1,0,3,2,5,0
1548,5,1,1,1,0,2,9,3,6,2,5,7,0,0,3,2,8,1,3,2,5,3,5,3
1549,6,1,1,4,0,4,14,3,7,2,5,7,0,0,0,2,8,2,2,1,3,2,5,3
1550,6,4,0,1,0,4,14,3,7,2,5,7,0,0,0,2,8,1,0,1,0,2,5,5
1551,4,1,1,4,0,4,0,1,5,4,5,0,0,3,0,2,8,2,3,2,5,3,5,3
1552,4,1,1,4,0,2,5,3,7,6,5,0,0,3,0,2,8,2,3,2,5,3,5,10
1553,4,0,1,4,2,2,0,3,9,2,5,0,0,3,0,4,2,2,1,0,4,2,5,3
1554,0,1,1,2,2,2,9,3,6,2,5,0,0,0,0,2,2,2,0,1,1,2,5,4
1555,0,1,1,4,0,2,0,3,6,0,5,0,0,0,0,2,8,2,2,0,4,2,2,16
1556,2,2,1,4,0,1,0,3,3,1,5,1,0,0,3,2,8,2,2,1,3,2,5,10
1557,2,0,1,1,0,2,5,3,4,2,5,1,0,0,3,2,8,2,0,0,0,2,5,3
1558,3,1,1,4,0,1,0,3,7,4,5,7,0,0,3,2,8,2,1,0,0,2,5,12
1559,3,4,1,4,0,4,6,3,6,4,5,1,0,3,0,2,8,2,2,0,4,2,1,12
1560,1,3,1,1,0,1,0,3,6,6,5,2,0,0,3,2,8,3,2,0,1,2,1,12
1561,1,4,0,4,0,1,0,3,9,2,5,2,0,0,3,2,8,2,0,1,4,2,5,12
1562,6,1,1,4,0,1,0,3,9,2,5,7,0,3,3,4,8,2,3,2,5,3,5,10
1563,4,1,1,4,0,2,0,3,12,2,5,0,0,3,3,4,8,2,2,0,1,1,5,9
1564,4,1,1,4,0,2,11,0,7,2,5,0,0,0,0,2,8,2,2,0,4,2,5,10
1565,4,0,2,4,0,2,0,0,0,4,5,0,0,0,0,2,5,2,2,0,4,2,1,0
1566,4,0,1,4,2,2,0,3,6,6,5,7,0,0,0,2,8,2,2,1,0,1,6,0
1567,3,2,1,4,0,1,0,3,2,2,5,0,0,3,0,4,2,2,0,0,1,2,5,11
1568,2,0,1,4,0,4,7,0,2,2,5,7,0,0,3,2,8,2,0,1,1,2,5,9
1569,3,0,1,4,0,0,14,3,9,0,5,7,0,0,3,2,8,2,0,1,4,2,5,0
1570,3,1,1,4,0,4,5,3,9,2,5,7,0,0,3,2,8,2,3,2,5,3,5,10
1571,2,2,1,4,0,3,15,3,9,0,5,1,0,3,3,2,8,2,0,1,4,2,5,12
1572,2,4,0,4,0,4,7,3,9,2,5,1,0,3,3,2,8,2,3,2,5,3,5,1
1573,2,2,1,4,0,1,9,3,7,0,5,1,0,3,3,2,8,2,1,0,1,2,5,10
1574,2,1,1,4,0,0,0,3,7,2,5,1,0,0,3,2,2,2,0,1,1,2,5,10
1575,3,3,1,1,0,2,0,3,9,2,5,0,0,0,3,2,2,2,2,1,4,2,5,7
1576,1,1,1,4,2,4,10,3,7,6,5,7,0,0,3,2,8,2,3,2,5,3,5,11
1577,1,1,1,4,0,4,5,3,2,4,5,7,0,0,3,2,2,2,0,1,1,2,5,0
1578,1,1,1,6,0,4,5,3,7,4,5,7,0,0,3,2,2,7,1,0,0,2,5,10
1579,1,1,1,4,0,0,4,3,6,4,5,7,0,0,3,2,8,2,1,0,1,2,5,3
1580,1,1,1,1,2,2,6,3,6,2,5,7,0,0,3,2,8,2,1,1,0,2,5,10
1581,1,1,1,4,0,1,5,3,9,4,5,7,0,0,3,2,2,2,3,2,5,3,5,1
1582,1,4,1,4,2,4,14,3,7,2,5,7,0,0,3,2,8,11,0,1,3,2,5,16
1583,1,0,1,6,0,2,0,3,4,4,5,7,0,0,3,2,8,2,1,1,3,2,5,3
1584,2,1,1,6,0,2,7,3,6,2,5,0,0,0,0,2,8,2,2,0,4,2,5,9
1585,2,4,1,4,0,2,7,1,1,2,5,0,0,0,0,2,8,2,3,2,5,3,5,10
1586,2,4,0,4,0,1,15,3,9,2,5,0,0,0,0,2,8,2,0,1,0,2,5,16
1587,5,0,1,4,0,3,0,3,9,4,5,1,0,3,0,2,8,2,3,2,5,3,5,3
1588,5,0,1,4,0,2,3,3,2,4,3,1,0,3,0,2,1,2,0,1,0,1,5,3
1589,5,2,1,4,0,3,3,3,9,4,5,7,0,0,3,2,8,11,3,2,5,3,5,9
1590,5,1,1,4,0,1,5,3,7,6,5,7,0,0,3,2,2,3,0,0,0,2,5,3
1591,0,1,1,4,0,4,5,3,7,4,5,7,0,0,0,2,8,2,3,2,5,3,5,4
1592,0,0,1,4,0,4,4,3,7,3,5,7,0,0,0,2,8,9,0,1,1,2,5,0
1593,0,1,1,4,2,2,0,3,2,3,5,7,0,0,3,2,8,9,1,0,0,2,5,10
1594,0,0,1,4,0,1,15,0,7,3,5,7,0,0,3,2,8,7,3,2,5,3,5,10
1595,2,1,1,1,0,4,7,3,2,3,5,1,0,0,3,2,8,7,2,1,0,1,6,1
1596,2,2,1,4,0,1,0,3,2,2,5,1,0,0,3,2,8,7,2,0,4,2,5,5
1597,2,1,1,4,0,2,0,3,7,4,5,1,0,0,3,2,8,3,3,2,5,3,5,1
1598,6,0,1,2,0,3,0,0,7,4,5,7,0,0,3,2,8,2,0,0,3,2,5,0
1599,6,4,1,2,0,3,0,3,12,6,5,7,0,0,3,2,8,2,2,1,1,1,5,9
1600,5,1,1,4,0,2,11,3,9,4,5,7,0,0,3,2,2,2,3,2,5,3,5,10
1601,5,1,1,1,0,0,4,3,7,2,5,7,0,0,3,2,8,2,0,1,1,1,5,1
1602,5,1,1,1,0,2,5,3,6,4,5,0,0,0,0,2,2,2,0,1,4,2,5,9
1603,5,0,1,4,0,2,5,3,9,4,5,0,0,0,0,2,8,2,3,2,5,3,5,10
1604,5,0,1,4,0,0,14,3,7,1,3,7,0,0,0,2,8,2,3,2,5,3,5,4
1605,5,1,1,4,2,2,7,3,9,2,5,7,0,0,0,2,8,2,0,1,1,2,5,4
1606,5,0,1,2,2,3,0,3,9,4,5,7,0,0,0,2,1,2,1,0,3,2,5,9
1607,5,0,1,4,2,4,8,3,9,2,5,7,0,0,3,2,8,9,1,0,1,2,5,9
1608,5,0,1,6,2,2,6,3,7,6,5,7,0,0,3,2,8,2,1,1,4,2,5,16
1609,6,1,1,0,0,3,0,3,7,4,5,7,0,0,3,2,8,3,1,0,4,2,5,3
1610,6,1,1,2,0,4,8,3,7,1,5,7,0,0,3,2,1,2,0,0,1,2,5,0
1611,4,4,1,4,0,0,6,3,3,4,5,7,0,0,0,2,2,2,3,2,5,3,5,5
1612,4,0,1,4,0,3,14,3,9,4,5,7,0,0,0,2,8,3,3,2,5,3,5,10
1613,4,0,1,4,2,3,5,3,9,1,5,7,0,0,0,2,8,2,0,1,0,2,5,9
1614,6,4,1,4,0,3,15,3,9,4,5,0,0,0,3,2,8,2,0,1,0,2,5,0
1615,6,1,2,4,0,5,0,3,7,2,5,0,0,0,3,2,8,12,3,2,5,3,5,1
1616,0,0,1,4,0,0,3,3,6,2,5,7,0,0,3,2,8,3,3,2,5,3,5,10
1617,0,1,1,3,2,0,0,3,7,6,5,7,0,0,3,2,8,3,3,2,5,3,5,2
1618,3,2,1,4,2,4,9,3,6,0,5,0,0,3,0,3,8,2,3,2,5,3,5,1
1619,3,1,1,4,2,0,4,3,9,2,5,0,0,3,0,3,2,11,0,1,1,2,5,12
1620,4,1,1,4,2,1,8,3,6,0,1,1,0,0,3,2,2,2,0,0,3,2,5,10
1621,1,1,1,5,2,2,5,3,6,0,5,2,0,3,3,4,8,2,3,2,5,3,5,18
1622,1,3,1,5,2,3,7,1,7,0,5,2,0,3,3,4,8,2,0,1,3,1,5,10
1623,1,1,1,4,2,1,0,3,6,2,5,1,0,0,3,2,8,3,0,1,4,2,5,1
1624,5,2,1,1,2,3,3,3,6,2,5,1,0,0,3,2,8,2,1,1,0,2,5,10
1625,5,2,1,6,2,2,4,0,6,1,5,1,3,0,3,2,8,2,1,1,0,2,5,0
1626,5,2,1,4,2,2,3,3,7,4,5,1,0,0,3,2,6,2,0,0,1,2,5,3
1627,6,1,1,4,2,2,0,3,9,2,5,0,0,0,3,2,8,2,3,2,5,3,5,1
1628,6,1,1,4,2,4,15,3,9,2,1,0,0,0,3,2,2,2,3,2,5,3,5,12