,Day_of_week,Age_band_of_driver,Sex_of_driver,Educational_level,Vehicle_driver_relation,Driving_experience,Type_of_vehicle,Owner_of_vehicle,Area_accident_occured,Lanes_or_Medians,Road_allignment,Types_of_Junction,Road_surface_type,Road_surface_conditions,Light_conditions,Weather_conditions,Type_of_collision,Vehicle_movement,Casualty_class,Sex_of_casualty,Age_band_of_casualty,Casualty_severity,Pedestrian_movement,Cause_of_accident
6994,0,4,1,4,0,4,8,3,7,2,5,7,0,0,3,2,8,3,1,0,1,2,5,7
6995,0,0,1,4,0,1,4,1,9,4,5,1,0,0,3,2,8,2,0,1,0,2,5,10
6996,0,0,1,1,0,4,8,3,2,2,5,1,0,0,3,2,8,2,2,1,0,2,6,10
6997,0,4,1,4,0,4,13,0,9,2,5,1,0,0,3,2,8,2,0,1,0,2,5,0
6998,1,0,1,4,0,2,4,3,6,1,5,1,0,3,0,2,2,2,3,2,5,3,5,12
6999,1,4,0,4,0,2,0,0,9,2,5,1,0,3,0,2,2,4,0,1,1,2,5,3
7000,6,0,1,6,0,4,0,3,7,1,5,3,0,0,3,2,2,2,1,1,3,2,5,1
7001,6,0,1,4,0,4,5,3,4,2,5,3,0,0,3,2,1,2,0,0,4,2,5,10
7002,6,0,1,4,0,0,7,3,2,2,5,3,0,0,3,2,8,2,3,2,5,3,5,1
7003,0,4,1,1,0,3,7,3,9,4,3,1,0,0,3,7,8,7,0,0,2,2,5,10
7004,0,1,1,1,0,3,0,3,7,2,5,1,0,0,3,7,1,3,0,0,4,2,5,5
7005,0,1,1,1,0,4,7,3,7,2,5,1,0,0,3,7,8,2,0,1,1,2,5,0
7006,6,0,1,2,0,1,0,3,6,4,5,7,0,0,3,2,8,2,3,2,5,3,5,7
7007,6,0,1,4,0,1,10,3,5,2,7,7,0,0,3,2,8,7,0,1,0,2,5,14
7008,6,0,1,0,0,3,5,3,2,2,3,7,0,0,3,2,8,2,2,0,0,2,5,3
7009,6,1,1,4,0,1,0,3,6,6,7,7,0,0,3,2,8,7,0,1,0,2,5,16
7010,1,3,1,4,0,1,0,3,2,2,3,1,0,3,0,4,8,4,3,2,5,3,5,10
7011,1,1,1,2,0,0,0,3,6,6,7,1,0,3,0,4,2,2,0,1,0,2,5,17
7012,6,0,1,4,0,2,5,0,6,4,5,0,3,0,0,2,1,2,3,2,5,3,5,3
7013,6,3,1,4,0,4,0,3,12,2,5,0,0,0,0,2,8,2,2,1,0,1,6,11
7014,4,0,1,4,0,4,5,3,9,2,5,1,0,0,3,2,8,2,0,1,0,2,5,10
7015,4,0,1,1,0,2,15,3,6,6,7,1,0,0,3,2,2,2,3,2,5,3,5,12
7016,5,1,1,4,0,4,5,3,11,6,5,7,0,3,3,2,8,2,0,1,0,2,5,7
7017,5,2,1,4,0,0,5,3,7,2,5,7,0,3,3,2,8,2,0,1,0,2,5,11
7018,0,0,1,1,0,1,7,3,9,4,5,1,0,0,3,2,8,2,2,0,1,1,5,1
7019,0,1,1,2,0,0,14,3,6,4,5,1,0,0,3,2,8,2,1,0,1,2,5,9
7020,0,1,1,4,0,2,14,3,6,4,5,1,0,0,3,2,8,2,1,1,0,2,5,0
7021,5,1,1,4,0,4,5,3,9,4,5,1,0,3,3,4,8,2,0,1,0,2,5,10
7022,4,4,1,2,0,3,5,3,6,4,5,1,0,0,3,2,8,2,1,0,0,2,5,3
7023,4,3,1,1,2,2,7,3,6,4,5,1,0,0,3,2,8,2,3,2,5,3,5,5
7024,4,4,0,1,0,4,0,3,6,2,5,1,0,0,3,2,2,2,0,1,0,2,5,3
7025,2,2,1,4,0,2,0,3,6,2,5,0,0,3,0,3,2,2,3,2,5,3,5,3
7026,2,1,1,1,2,2,15,3,7,4,5,0,0,3,0,3,2,2,0,1,1,2,5,1
7027,2,3,1,4,0,1,5,3,7,2,5,1,3,3,0,4,8,3,3,2,5,3,5,10
7028,6,1,1,4,0,3,7,3,7,2,5,1,0,0,3,2,1,2,1,0,4,2,5,3
7029,2,2,1,4,0,2,0,3,9,1,5,7,0,0,3,2,8,2,1,1,4,2,5,11
7030,2,0,1,2,0,0,11,3,12,4,6,7,0,0,3,2,1,2,1,0,4,2,5,10
7031,5,1,1,1,2,2,14,3,9,4,6,3,0,0,3,7,8,2,3,2,5,3,5,9
7032,5,0,1,4,2,2,0,3,6,2,5,3,2,0,3,7,1,2,0,1,0,2,5,9
7033,6,4,1,4,0,2,5,3,2,1,5,0,0,0,3,2,8,7,3,2,5,3,5,12
7034,6,1,1,4,0,4,7,3,7,4,5,0,0,0,3,2,8,2,1,1,0,2,5,10
7035,5,2,1,4,0,2,10,3,7,1,5,1,0,0,3,2,8,2,1,1,0,2,5,9
7036,5,1,1,4,0,2,7,3,7,2,5,1,3,0,3,2,8,4,1,1,0,2,5,1
7037,5,1,1,4,0,2,7,3,7,2,5,1,0,0,3,2,8,0,1,1,0,2,5,9
7038,5,1,1,4,0,3,12,3,6,4,5,1,0,0,3,2,8,9,0,1,0,2,5,1
7039,5,1,1,2,0,3,5,3,6,3,5,1,0,0,3,2,8,2,3,2,5,3,5,3
7040,5,4,0,4,0,3,5,3,9,4,5,7,2,0,3,2,8,2,2,1,1,2,1,1
7041,5,0,1,4,0,3,8,3,6,1,5,7,0,0,3,2,8,2,2,1,1,2,6,10
7042,5,0,1,4,0,3,4,3,9,2,5,7,0,0,3,2,8,2,0,1,1,2,5,9
7043,6,1,1,4,0,3,0,3,6,4,5,0,0,0,3,2,8,2,3,2,5,3,5,3
7044,6,1,1,4,0,2,0,3,7,2,5,0,0,0,3,2,8,2,0,1,1,2,5,10
7045,1,3,1,4,0,1,8,3,6,1,5,7,0,0,3,2,6,2,3,2,5,3,5,12
7046,1,0,1,4,0,4,0,3,12,4,5,7,2,0,3,2,2,2,0,1,0,2,5,1
7047,1,0,1,4,0,4,7,3,9,1,5,7,0,0,3,2,8,1,3,2,5,3,5,9
7048,6,4,1,4,0,1,5,3,6,4,5,3,0,3,3,3,8,1,0,1,0,2,5,5
7049,6,0,1,1,0,4,10,3,9,4,5,3,0,3,3,3,8,1,3,2,5,3,5,1
7050,6,0,1,4,0,4,8,3,6,4,5,3,0,3,3,3,1,3,0,1,1,1,5,12
7051,3,4,1,4,0,2,14,3,9,1,5,1,0,0,3,2,1,2,3,2,5,3,5,0
7052,3,0,1,4,0,2,7,3,7,6,5,1,0,0,3,2,8,2,0,0,0,2,5,3
7053,3,0,1,6,0,4,8,2,7,2,5,1,0,0,3,2,8,12,3,2,5,3,5,11
7054,3,0,1,4,0,4,10,3,6,2,5,1,0,0,0,2,1,2,2,0,0,2,5,11
7055,3,0,1,4,0,0,9,3,6,2,5,1,0,0,0,2,1,4,2,1,4,2,1,1
7056,4,0,1,1,0,3,5,3,9,2,5,7,0,0,3,2,1,2,2,1,0,2,5,6
7057,4,0,1,1,0,3,8,3,7,2,5,7,0,0,3,2,8,2,0,1,1,2,5,0
7058,4,0,1,1,0,4,5,0,7,4,5,7,2,0,3,2,2,2,3,2,5,3,5,0
7059,5,0,1,2,0,1,8,3,6,2,5,0,0,3,0,4,8,2,2,1,4,2,4,4
7060,5,1,1,4,0,1,3,3,6,2,5,0,0,3,0,4,8,5,3,2,5,3,5,0
7061,4,0,1,0,0,3,0,3,2,4,5,2,0,0,3,2,2,2,0,0,2,1,5,5
7062,4,0,1,4,0,1,11,0,7,1,5,2,0,0,3,2,8,2,1,0,2,2,5,11
7063,1,0,1,4,0,1,5,3,6,4,5,1,4,0,3,2,8,2,0,1,4,2,5,0
7064,1,1,1,2,0,0,11,3,6,2,5,1,3,0,3,2,8,9,3,2,5,3,5,9
7065,5,1,1,4,0,2,0,3,9,2,5,7,3,0,3,2,8,2,2,1,0,2,6,10
7066,5,1,1,4,0,4,0,3,7,4,5,7,0,0,3,2,1,2,0,1,1,2,5,1
7067,5,1,1,4,0,4,0,3,9,2,5,7,0,0,3,2,6,1,3,2,5,3,5,12
7068,6,0,1,1,0,2,0,0,6,2,5,7,2,0,3,2,8,3,1,0,1,2,5,9
7069,6,1,1,4,0,4,5,3,6,4,5,7,0,0,3,2,8,1,3,2,5,3,5,16
7070,5,4,0,4,0,0,0,3,7,4,5,1,0,0,3,2,8,5,0,1,4,2,5,0
7071,5,1,1,1,0,1,10,3,7,6,3,1,0,0,3,2,2,2,3,2,5,3,5,1
7072,5,1,1,2,0,0,0,3,6,1,3,1,0,0,3,2,8,2,0,0,0,2,5,16
7073,2,2,1,4,0,2,11,3,9,2,5,1,2,0,3,2,6,2,0,1,0,2,5,14
7074,2,3,1,4,0,4,5,3,7,2,5,1,0,0,3,2,2,7,2,1,0,2,5,13
7075,2,2,1,2,0,3,0,1,9,4,5,7,0,0,3,2,8,1,0,1,0,2,5,12
7076,2,2,1,1,2,2,4,3,2,2,5,7,0,0,3,2,8,2,3,2,5,3,5,1
7077,2,2,1,1,0,4,10,0,9,2,5,7,0,0,3,2,8,2,1,0,3,2,5,9
7078,2,4,1,4,0,2,10,3,6,1,5,7,0,0,3,2,8,2,3,2,5,3,5,0
7079,0,1,1,1,2,2,0,0,9,2,5,1,0,0,3,2,8,7,0,1,0,2,5,11
7080,0,1,1,4,0,1,3,3,7,1,5,1,0,0,3,2,8,2,3,2,5,3,5,10
7081,0,1,1,4,0,3,5,3,4,2,5,1,0,0,3,2,1,8,0,1,0,2,5,12
7082,0,1,1,4,0,2,4,3,2,2,5,1,0,0,3,2,8,5,3,2,5,3,5,10
7083,6,1,1,2,0,0,5,3,9,4,3,1,0,3,3,3,8,2,0,1,1,2,5,10
7084,6,4,0,4,0,3,9,3,7,2,5,1,2,3,3,3,2,7,0,1,0,2,5,9
7085,6,4,1,1,2,1,0,3,7,2,5,2,0,0,3,2,8,2,3,2,5,3,5,1
7086,1,4,1,4,0,2,15,3,6,4,5,1,0,0,3,7,8,2,0,1,0,2,5,11
7087,1,4,1,4,0,4,0,3,5,2,7,7,0,0,3,2,8,7,3,2,5,3,5,9
7088,1,0,1,4,0,2,0,3,2,2,3,7,0,0,3,2,2,2,2,1,1,1,6,7
7089,2,4,1,2,0,3,0,3,6,6,7,1,2,0,3,2,8,12,0,0,1,2,5,16
7090,1,3,1,4,0,2,5,3,2,2,3,1,0,0,3,2,8,2,3,2,5,3,5,14
7091,1,1,1,1,0,0,0,3,6,6,7,1,0,0,3,2,8,2,3,2,5,3,5,1
7092,2,1,1,4,0,2,0,0,6,4,5,7,0,0,0,2,8,2,0,1,1,2,5,8
7093,2,0,1,0,0,0,5,3,12,2,5,7,0,0,0,2,8,2,1,1,4,2,5,13
7094,5,4,1,4,0,3,0,3,9,2,5,1,0,0,3,2,8,1,2,1,4,2,5,0
7095,5,4,1,4,0,0,0,3,6,6,7,1,0,0,3,2,8,2,2,1,0,2,1,1
7096,4,3,1,4,0,2,0,3,11,6,5,7,0,0,3,2,2,2,0,1,1,2,5,11
7097,4,0,1,4,0,1,15,3,7,2,5,7,0,0,3,2,8,2,3,2,5,3,5,15
7098,4,1,1,4,0,2,0,3,9,4,5,7,4,0,3,2,8,7,3,2,5,3,5,0
7099,3,0,1,4,0,1,0,3,6,4,5,7,0,0,0,2,8,9,0,1,1,2,5,12
7100,3,0,1,4,0,1,0,3,6,4,5,7,0,0,0,2,8,2,1,1,3,2,5,1
7101,3,3,1,4,0,3,8,3,9,4,5,7,0,0,0,2,8,2,1,1,0,2,5,10
7102,6,1,1,4,0,0,0,3,6,4,5,1,0,0,0,2,8,2,1,1,0,2,5,11
7103,6,0,1,0,2,0,0,3,6,4,5,1,0,0,0,2,8,2,0,1,3,2,5,10
7104,2,4,0,0,0,5,9,3,6,2,5,1,0,0,0,7,2,1,0,1,1,2,5,12
7105,0,1,1,4,0,0,10,3,6,2,5,1,0,0,3,2,6,2,2,1,3,2,5,13
7106,0,0,1,4,0,2,4,3,7,4,5,1,2,0,3,2,8,2,2,1,3,1,5,3
7107,0,0,1,4,0,3,14,3,7,2,5,1,0,0,3,2,8,2,0,1,1,2,5,0
7108,5,4,0,4,0,3,12,3,7,2,5,0,0,3,3,4,8,2,0,1,1,2,5,3
7109,5,2,1,4,2,2,14,3,9,1,5,0,0,3,3,4,8,2,0,1,0,2,5,0
7110,4,4,0,1,0,1,0,3,12,4,6,1,0,0,3,2,8,2,2,1,4,2,5,12
7111,4,0,1,4,0,1,0,3,9,4,6,1,0,0,3,2,8,2,2,0,3,2,5,10
7112,0,0,1,4,0,4,7,3,6,2,5,7,0,0,3,2,8,2,0,1,0,2,5,1
7113,0,0,1,4,0,1,15,3,2,1,5,7,0,0,3,2,8,2,3,2,5,3,5,1
7114,5,4,1,4,0,1,0,3,7,4,5,7,0,0,0,7,2,2,0,0,1,2,5,2
7115,5,0,1,1,0,2,14,3,7,1,5,7,0,0,0,7,8,7,3,2,5,3,5,10
7116,3,4,1,4,0,3,0,3,7,2,5,1,0,0,3,2,8,2,1,1,3,2,5,1
7117,3,1,1,4,0,2,9,3,7,2,5,1,0,0,3,2,8,9,2,0,4,2,5,0
7118,0,1,1,4,0,1,0,3,6,4,5,7,0,0,3,2,8,2,0,1,1,2,5,7
7119,0,1,1,4,0,2,0,3,6,3,5,7,0,0,3,2,1,2,3,2,5,3,5,13
7120,0,0,1,0,0,1,5,3,9,4,5,7,0,0,3,2,1,2,0,1,0,2,5,13
7121,0,2,1,4,0,2,0,3,6,1,5,7,0,0,3,2,8,2,3,2,5,3,5,10
7122,4,0,1,4,0,0,11,3,9,2,5,1,2,0,3,2,8,7,0,1,1,1,5,12
7123,4,0,1,4,0,1,0,3,6,4,5,1,0,0,3,2,8,2,3,2,5,3,5,16
7124,3,0,1,4,0,3,9,3,7,2,5,1,0,0,0,2,6,9,0,0,0,2,5,11
7125,3,4,1,4,0,4,9,3,6,1,5,1,0,0,0,2,8,2,3,2,5,3,5,10
7126,5,2,1,4,0,1,0,3,12,4,5,7,0,0,3,2,8,2,3,2,5,3,5,1
7127,4,0,1,4,0,4,0,3,9,1,5,1,0,0,0,2,1,2,1,0,3,2,5,3
7128,4,1,1,2,0,2,0,3,6,4,5,1,0,0,0,2,8,2,3,2,5,3,5,1
7129,2,4,0,0,0,0,5,3,9,4,5,1,0,0,0,2,8,2,0,1,0,2,5,16
7130,2,1,1,4,0,4,9,3,6,4,5,1,0,0,0,2,8,1,0,1,0,2,5,13
7131,4,0,1,4,0,2,4,3,6,2,5,7,0,3,0,2,1,3,3,2,5,3,5,4
7132,3,4,1,2,0,4,0,3,9,4,5,1,0,0,3,2,8,2,1,0,3,2,5,2
7133,3,0,1,2,0,4,0,3,7,2,5,1,0,0,3,2,1,9,0,1,4,2,5,19
7134,1,4,1,4,0,2,0,3,4,4,5,1,3,0,3,2,8,2,3,2,5,3,5,1
7135,1,2,1,2,0,1,1,3,6,2,5,1,0,0,3,2,8,2,1,0,0,2,5,10
7136,0,4,1,4,0,3,9,1,1,2,5,1,0,0,0,2,8,2,2,0,1,2,5,13
7137,0,4,0,4,0,3,4,3,9,2,5,1,0,0,0,2,8,2,3,2,5,3,5,12
7138,3,0,1,4,0,2,0,3,9,4,5,7,0,0,2,7,8,2,0,1,1,2,5,0
7139,3,3,1,4,0,0,0,3,2,4,3,7,0,0,2,7,2,2,3,2,5,3,5,11
7140,0,4,0,5,0,4,0,3,9,4,5,1,0,0,0,2,8,9,0,1,0,2,5,16
7141,0,1,1,4,0,4,4,3,7,6,5,1,0,0,3,7,8,9,3,2,5,3,5,3
7142,1,4,1,2,0,1,5,3,7,4,5,1,0,3,0,4,2,2,0,1,4,2,5,12
7143,1,1,1,4,2,0,8,3,7,3,5,1,0,3,0,4,8,1,3,2,5,3,5,11
7144,1,1,1,4,0,2,4,3,2,3,5,1,0,3,0,4,8,1,0,1,3,2,5,1
7145,2,4,1,1,0,1,14,0,7,3,5,7,0,0,3,2,8,2,2,0,3,2,5,3
7146,2,1,1,1,2,2,7,3,2,3,5,7,0,0,3,2,8,5,3,2,5,3,5,1
7147,1,4,0,4,0,3,7,3,2,2,5,7,0,0,3,2,1,7,0,1,1,2,5,1
7148,1,1,1,4,0,2,4,3,7,4,5,7,0,0,3,2,1,2,1,1,4,2,5,0
7149,5,2,1,2,0,2,0,0,7,4,5,7,0,0,0,2,8,1,2,0,0,2,5,17
7150,3,1,1,4,0,2,0,3,12,6,5,7,0,0,3,2,8,1,2,1,3,2,5,3
7151,3,1,1,4,0,3,5,3,9,4,5,7,0,0,3,2,2,7,2,1,3,2,1,10
7152,6,1,1,4,0,0,7,3,7,2,5,7,4,0,3,2,8,9,3,2,5,3,5,3
7153,3,0,1,4,0,1,5,3,6,4,5,7,0,3,3,4,8,3,0,0,0,2,5,0
7154,3,2,1,4,0,0,0,3,9,4,5,7,0,3,3,4,8,2,0,1,1,2,5,12
7155,3,2,1,4,0,2,8,3,7,1,3,7,0,3,3,4,8,2,3,2,5,3,5,1
7156,3,2,1,1,0,2,5,3,9,2,5,7,0,3,3,4,2,2,3,2,5,3,5,10
7157,0,2,1,4,0,2,10,3,9,4,5,0,0,0,3,2,8,2,0,1,1,2,5,9
7158,0,0,1,4,0,3,3,3,9,2,5,0,0,0,3,2,8,7,2,1,4,2,5,9
7159,5,1,1,4,0,1,0,3,7,6,5,7,0,0,0,2,2,2,0,1,0,2,5,10
7160,5,1,1,4,2,3,0,3,7,4,5,7,4,0,0,2,8,2,2,1,1,2,1,10
7161,4,4,1,4,0,1,7,3,7,1,5,1,0,0,3,2,2,2,0,1,0,2,5,10
7162,4,1,1,1,1,2,0,3,3,4,5,1,0,0,3,2,8,2,3,2,5,3,5,11
7163,6,0,1,1,0,2,3,3,9,4,5,7,0,0,3,2,8,1,0,1,4,2,5,3
7164,5,4,0,4,0,2,9,3,9,1,5,1,0,0,3,2,8,2,3,2,5,3,5,1
7165,5,0,1,4,0,2,9,3,9,4,5,1,0,0,3,2,8,2,2,0,4,2,5,0
7166,5,1,1,1,0,3,7,3,7,2,5,1,0,0,3,2,8,2,3,2,5,3,5,3
7167,0,3,1,4,0,4,7,3,6,2,5,0,0,0,3,2,8,2,3,2,5,3,5,3
7168,0,1,1,4,0,2,7,3,7,6,5,0,0,0,3,2,8,7,0,1,1,2,5,10
7169,2,1,1,1,0,0,9,3,6,0,5,7,0,3,3,4,8,3,2,1,0,2,5,13
7170,2,2,1,4,0,2,5,3,9,2,5,7,4,3,3,4,1,2,3,2,5,3,5,1
7171,2,2,1,4,0,3,7,3,6,0,1,1,0,0,0,2,2,2,0,1,2,2,5,1
7172,2,0,1,2,2,1,9,3,6,0,5,1,0,0,0,2,8,2,2,0,0,2,1,10
7173,1,2,1,4,0,0,7,1,7,0,5,7,0,0,3,8,8,2,0,1,1,2,5,10
7174,1,3,1,4,0,0,4,3,6,2,5,7,0,0,3,8,2,2,3,2,5,3,5,17
7175,0,1,1,0,2,1,7,3,6,2,5,1,1,0,3,2,8,2,3,2,5,3,5,2
7176,0,4,0,4,0,2,7,0,6,1,5,1,0,0,3,2,8,9,2,1,1,1,6,12
7177,0,0,1,1,2,1,7,3,7,4,5,1,0,3,3,4,1,2,0,1,0,2,5,11
7178,0,0,1,4,0,0,8,3,9,2,5,1,0,3,3,4,8,4,3,2,5,3,5,12
7179,0,2,1,4,2,2,0,3,9,2,1,1,0,3,3,4,1,2,3,2,5,3,5,13
7180,0,2,1,4,0,4,7,3,2,2,5,7,0,0,3,2,8,2,0,1,1,2,5,13
7181,0,2,1,4,0,1,5,3,7,2,5,7,2,0,3,2,8,2,3,2,5,3,5,9
7182,5,4,1,4,0,2,10,3,9,2,5,7,0,0,3,2,2,2,2,1,0,2,6,10
7183,5,0,1,4,0,3,0,3,7,4,5,7,0,0,3,2,8,2,3,2,5,3,5,9
7184,6,0,1,1,0,1,8,3,9,4,5,1,0,3,3,4,8,3,0,1,0,2,5,12
7185,5,3,1,1,2,3,5,3,9,2,5,0,0,0,3,2,8,3,3,2,5,3,5,3
7186,3,0,1,4,0,0,9,3,7,2,5,1,0,0,3,2,1,3,0,1,1,1,5,10
7187,3,0,1,4,0,2,7,3,7,2,5,1,0,0,3,2,2,4,1,0,2,2,5,13
7188,2,0,1,4,0,1,5,3,7,4,5,2,0,0,3,2,1,2,3,2,5,3,5,1
7189,2,2,1,4,0,1,8,3,7,0,5,2,0,0,3,2,8,11,3,2,5,3,5,10
7190,0,0,1,4,0,1,7,3,9,2,5,7,0,3,3,4,8,9,0,1,4,2,5,3
7191,0,4,1,4,0,1,5,3,1,4,5,7,0,3,3,4,8,1,0,1,1,2,5,10
7192,0,0,1,4,0,3,12,3,7,6,5,7,0,3,3,4,8,2,3,2,5,3,5,12
7193,0,0,1,4,0,3,0,3,6,4,5,0,3,0,0,2,8,2,0,0,0,2,5,1
7194,0,0,1,1,0,2,0,3,7,4,5,0,0,0,0,2,2,2,3,2,5,3,5,11
7195,0,0,1,4,0,2,14,3,6,4,5,0,0,0,0,2,2,9,3,2,5,3,5,12
7196,0,0,1,4,0,1,7,3,6,1,5,0,0,0,0,2,8,7,0,0,0,2,5,0
7197,0,0,1,1,0,2,5,3,6,4,5,0,0,0,0,2,8,3,0,1,1,2,5,18
7198,0,1,1,4,0,2,5,3,7,4,5,0,0,3,0,2,8,4,2,1,1,2,5,4
7199,0,0,1,4,0,3,3,0,7,0,5,0,0,3,0,2,8,2,2,1,0,2,5,3
7200,6,2,1,4,0,2,14,3,6,3,5,1,0,0,3,2,8,2,3,2,5,3,5,4
7201,6,1,1,4,0,3,9,3,9,6,5,1,0,0,3,2,8,2,0,1,0,2,5,3
7202,4,0,1,1,0,4,0,0,1,4,5,1,0,0,3,2,8,2,3,2,5,3,5,11
7203,3,2,1,1,0,2,9,3,7,6,5,1,0,0,0,5,8,2,0,1,0,2,5,3
7204,4,2,1,1,0,0,5,3,9,6,5,3,0,3,3,4,8,2,0,1,0,2,5,1
7205,4,0,1,1,0,2,0,3,7,6,5,3,0,3,3,4,8,2,3,2,5,3,5,9
7206,0,0,1,1,0,2,5,3,7,6,5,1,0,3,3,2,5,2,1,0,2,2,5,3
7207,6,0,1,1,0,1,5,3,7,1,5,0,0,0,3,2,8,2,0,1,0,2,5,1
7208,6,0,1,1,0,2,8,3,7,2,5,0,0,0,3,2,2,4,1,1,2,2,5,3
7209,6,4,0,4,0,2,7,3,7,6,5,0,0,0,3,2,8,3,3,2,5,3,5,3
7210,3,2,1,4,0,3,0,3,12,4,5,1,0,3,3,2,8,2,2,1,3,2,5,3
7211,4,1,1,4,0,3,0,3,6,2,5,1,0,0,0,2,8,3,0,1,0,2,5,1
7212,4,1,1,1,0,4,4,3,6,2,5,1,0,0,0,2,8,2,3,2,5,3,5,1
7213,5,1,1,1,0,2,1,3,6,2,5,0,0,0,3,2,8,3,2,1,3,2,5,3
7214,2,2,1,1,2,2,0,3,12,2,5,1,0,0,3,2,8,2,3,2,5,3,5,16
7215,2,3,1,1,0,1,5,0,12,4,5,1,4,0,3,2,2,2,0,0,1,2,5,1
7216,0,2,1,1,0,3,4,3,6,2,5,0,0,0,3,2,2,2,1,0,0,2,5,10
7217,0,0,1,1,0,1,4,3,6,2,5,0,0,0,3,2,8,2,3,2,5,3,5,13
7218,0,4,1,4,0,3,0,0,12,2,5,0,0,0,3,2,2,2,0,1,0,2,5,1
7219,6,0,1,4,0,4,0,3,7,2,5,3,0,0,0,7,2,4,0,1,1,1,5,1
7220,6,4,0,4,0,1,0,3,7,2,5,3,0,0,0,7,8,2,3,2,5,3,5,16
7221,5,0,1,1,0,2,10,3,7,4,5,7,0,3,0,6,8,3,0,1,1,2,5,13
7222,4,4,1,1,0,2,9,3,7,2,5,1,0,0,3,2,2,3,3,2,5,3,5,4
7223,4,0,1,1,0,0,7,3,9,4,5,1,0,0,3,2,8,3,0,1,0,2,5,16
7224,4,0,1,1,0,2,0,0,7,4,5,1,0,0,3,2,8,2,3,2,5,3,5,12
7225,4,0,1,4,0,0,0,3,7,4,5,1,0,0,3,2,8,2,2,0,4,2,5,9
7226,3,3,1,4,0,2,10,3,4,4,5,1,0,0,3,3,8,2,0,1,0,2,5,13
7227,1,1,1,1,2,0,10,3,1,4,5,7,0,3,3,4,8,2,3,2,5,3,5,12
7228,1,3,1,4,0,2,0,3,2,2,5,7,0,3,3,4,8,4,0,1,0,2,5,11
7229,1,3,1,4,0,1,7,3,6,2,5,7,4,3,3,4,1,2,1,1,3,2,5,1
7230,1,3,1,4,0,1,8,3,7,2,5,7,0,3,3,4,8,2,1,0,1,2,5,1
7231,1,1,1,4,0,2,5,3,6,4,5,7,0,3,3,4,2,2,0,1,4,2,5,1
7232,0,4,1,4,2,4,0,3,6,2,5,1,0,0,3,0,8,7,3,2,5,3,5,4
7233,0,0,1,2,0,4,0,3,7,2,5,1,0,0,3,0,8,3,0,1,1,2,5,0
7234,2,1,1,4,0,2,5,3,9,4,5,1,0,3,0,3,8,2,1,1,1,2,5,9
7235,2,1,1,4,0,4,0,3,6,6,7,1,0,3,0,3,8,2,3,2,5,3,5,2
7236,2,1,1,4,0,1,7,3,9,6,5,1,0,3,0,3,8,7,1,1,3,2,5,9
7237,6,0,1,4,0,1,0,3,12,2,5,0,0,0,0,4,8,2,3,2,5,3,5,10
7238,6,2,1,4,0,2,0,3,6,2,2,0,0,0,0,4,8,7,0,1,1,2,5,13
7239,5,3,1,1,0,2,0,3,7,6,5,7,4,0,0,2,8,4,2,0,1,2,5,12
7240,5,3,1,4,2,2,0,3,7,4,5,7,0,0,0,2,8,2,2,1,4,2,5,1
7241,5,0,1,4,0,2,5,3,2,6,5,7,0,0,0,2,2,2,2,1,0,2,5,13
7242,5,4,0,4,2,2,7,3,6,2,5,0,0,0,3,2,8,2,2,0,4,2,1,10
7243,5,0,1,3,0,1,8,3,7,2,5,0,0,0,3,2,2,2,2,0,2,2,5,3
7244,3,0,1,4,0,2,14,3,6,2,6,1,0,3,0,4,8,2,3,2,5,3,5,10
7245,3,0,1,4,0,4,7,3,6,2,5,1,0,3,0,4,8,2,0,1,0,2,5,9
7246,3,0,1,4,0,0,8,3,6,2,2,1,2,3,0,4,8,2,3,2,5,3,5,10
7247,4,4,1,1,0,1,14,3,2,4,2,0,0,3,3,2,1,2,0,1,1,2,5,9
7248,4,1,1,1,0,1,5,3,6,4,1,0,0,3,3,2,8,2,0,1,0,2,5,11
7249,1,0,1,1,0,2,0,3,7,0,1,1,0,3,3,2,8,2,1,0,0,2,5,0
7250,4,0,1,4,0,2,0,3,7,2,5,7,0,3,3,2,8,2,1,0,0,2,5,10
7251,4,3,1,4,0,2,0,3,2,5,7,7,0,3,3,2,1,2,2,1,3,1,5,13
7252,5,0,1,4,0,3,0,3,12,4,5,0,0,3,0,7,2,2,2,0,1,1,6,10
7253,5,3,1,4,0,3,16,3,2,2,5,0,0,3,0,7,8,2,0,1,0,2,5,11
7254,0,0,1,4,2,3,0,3,6,4,5,1,0,3,3,2,8,2,3,2,5,3,5,9
7255,0,1,1,4,0,6,14,3,7,6,5,1,0,3,3,2,8,2,2,0,1,2,6,11
7256,4,3,1,4,0,2,0,3,2,2,4,1,0,3,0,0,8,3,0,0,1,1,5,10
7257,4,0,1,4,0,1,0,0,7,0,5,1,0,3,0,0,8,2,3,2,5,3,5,11
7258,4,0,1,1,0,2,0,0,7,0,5,1,0,3,0,0,8,2,2,1,1,2,5,3
7259,1,2,1,4,0,1,8,1,6,2,1,1,0,3,0,3,8,2,2,1,0,2,5,7
7260,1,3,1,2,2,2,5,1,7,2,5,1,0,3,0,3,2,2,0,1,4,2,5,3
7261,0,1,1,4,0,3,5,3,7,2,5,1,0,3,0,3,2,9,3,2,5,3,5,0