,Day_of_week,Age_band_of_driver,Sex_of_driver,Educational_level,Vehicle_driver_relation,Driving_experience,Type_of_vehicle,Owner_of_vehicle,Area_accident_occured,Lanes_or_Medians,Road_allignment,Types_of_Junction,Road_surface_type,Road_surface_conditions,Light_conditions,Weather_conditions,Type_of_collision,Vehicle_movement,Casualty_class,Sex_of_casualty,Age_band_of_casualty,Casualty_severity,Pedestrian_movement,Cause_of_accident
8604,5,0,1,4,0,0,0,3,7,4,5,7,0,0,3,2,2,2,0,1,0,2,5,0
8605,0,0,1,4,0,0,8,3,7,2,5,7,0,0,3,2,6,2,0,1,0,2,5,0
8606,0,3,1,2,0,1,5,0,9,6,3,7,0,0,3,2,8,10,3,2,5,3,5,12
8607,1,2,1,4,0,1,10,3,6,2,5,7,0,3,3,4,8,8,2,0,4,2,1,1
8608,3,0,1,4,0,0,3,3,6,2,5,7,0,0,3,2,8,2,2,0,4,2,1,1
8609,3,1,1,1,0,2,0,3,7,2,5,7,0,0,3,2,8,3,2,1,1,2,2,3
8610,6,1,1,4,0,2,0,3,7,1,5,5,0,3,3,2,8,1,1,0,0,2,5,0
8611,6,1,1,4,0,0,7,3,6,2,5,5,0,3,3,2,8,2,0,1,0,2,5,1
8612,6,0,1,1,1,2,0,3,6,4,5,5,0,3,3,2,8,2,1,0,0,2,5,5
8613,6,0,1,4,0,1,3,3,7,2,5,7,3,0,3,2,8,9,0,1,3,2,5,3
8614,6,0,1,1,0,2,9,3,7,2,5,7,0,0,3,2,2,3,1,1,1,2,5,10
8615,3,4,0,4,0,3,9,0,9,2,5,1,0,0,0,2,8,2,1,1,0,2,5,12
8616,3,0,1,4,0,3,7,3,7,4,5,1,0,0,0,2,8,3,1,1,4,2,5,12
8617,0,0,1,1,2,1,7,3,6,4,5,0,0,3,3,2,8,2,1,1,4,2,5,12
8618,0,1,1,1,0,2,7,3,6,4,5,0,2,3,3,2,8,2,0,1,3,2,5,0
8619,0,2,1,4,2,0,9,3,7,4,5,0,0,3,3,2,1,2,3,2,5,3,5,9
8620,1,0,1,1,0,3,5,3,7,2,5,7,0,0,3,2,1,7,0,1,1,2,5,3
8621,1,1,1,4,0,2,7,3,7,4,5,7,0,0,3,2,8,2,3,2,5,3,5,5
8622,1,2,1,4,0,1,9,3,6,2,5,7,3,0,3,2,8,2,0,1,1,2,5,1
8623,1,0,1,1,0,3,7,3,6,2,5,7,0,0,3,2,8,2,3,2,5,3,5,12
8624,6,1,1,4,0,1,4,3,7,2,3,7,0,3,3,2,6,2,0,1,1,2,5,1
8625,5,1,1,1,0,3,7,3,2,6,5,1,0,3,3,2,8,7,3,2,5,3,5,4
8626,4,0,1,4,0,3,7,0,4,4,5,7,2,0,3,2,8,2,2,0,3,2,2,9
8627,4,0,1,4,0,1,7,1,7,4,5,7,0,0,3,2,1,2,0,0,1,2,5,12
8628,2,0,1,4,0,3,8,3,7,2,5,1,0,3,0,4,8,4,1,1,4,2,5,10
8629,2,0,1,4,0,3,0,3,6,4,7,1,0,3,0,4,8,0,0,1,0,2,5,3
8630,2,0,1,4,0,4,7,3,7,1,5,1,0,3,0,4,8,9,3,2,5,3,5,0
8631,5,0,1,4,2,3,5,3,1,4,3,0,0,3,3,3,1,2,0,1,1,2,5,12
8632,5,0,1,2,1,3,10,0,7,2,3,0,2,3,3,3,8,2,2,1,0,2,5,12
8633,5,0,1,4,0,2,0,0,2,2,5,0,0,3,3,3,1,2,0,1,0,2,5,10
8634,2,3,1,1,0,2,8,3,9,4,5,0,0,0,3,2,8,2,3,2,5,3,5,4
8635,2,0,1,4,0,2,5,3,6,2,5,0,0,0,3,2,8,2,3,2,5,3,5,3
8636,2,1,1,4,0,2,9,3,7,2,5,1,0,0,3,2,8,2,0,0,1,2,5,3
8637,3,0,1,4,2,4,7,0,6,4,5,1,0,0,0,2,8,2,3,2,5,3,5,1
8638,3,1,1,4,0,2,5,3,6,6,5,1,0,0,0,2,8,2,0,1,0,2,5,3
8639,3,1,1,1,0,1,8,3,7,1,0,1,0,0,0,2,2,1,0,1,0,2,5,0
8640,5,3,1,4,2,1,7,3,9,4,5,7,0,0,0,2,8,1,3,2,5,3,5,3
8641,5,2,1,1,0,1,5,3,1,1,5,7,0,0,0,2,8,1,0,1,1,2,5,3
8642,5,2,1,4,2,1,12,3,2,4,5,7,0,0,0,2,2,3,3,2,5,3,5,5
8643,5,2,1,4,0,3,0,3,7,1,5,7,0,0,0,2,8,2,0,1,1,2,5,3
8644,0,2,1,4,0,1,0,3,7,4,5,5,2,0,3,2,8,2,3,2,5,3,5,10
8645,0,2,1,4,0,0,14,3,7,2,5,5,0,0,3,2,8,12,2,1,3,2,1,3
8646,0,0,1,4,0,1,7,0,9,6,5,0,0,0,0,2,8,2,0,0,2,2,5,4
8647,0,1,1,4,0,0,5,3,12,6,5,0,0,0,0,2,1,4,3,2,5,3,5,16
8648,3,0,1,4,0,2,5,3,2,2,5,0,0,0,3,2,1,2,3,2,5,3,5,10
8649,3,1,1,4,0,2,3,3,7,6,5,0,4,0,3,2,8,2,0,1,3,2,5,3
8650,5,0,1,1,2,1,14,3,7,2,5,1,3,0,3,2,8,2,0,1,0,2,5,12
8651,5,0,1,1,0,4,9,3,6,4,5,7,3,0,3,2,2,2,0,1,0,2,5,12
8652,5,0,1,4,0,2,0,3,6,2,5,7,0,0,3,2,8,5,0,0,0,2,5,12
8653,5,2,1,4,0,3,9,3,7,4,5,7,0,0,3,2,8,2,3,2,5,3,5,12
8654,5,1,1,2,0,0,5,3,3,4,5,7,2,0,3,2,8,2,3,2,5,3,5,10
8655,5,2,1,4,2,2,0,3,7,4,5,7,0,0,3,2,8,2,3,2,5,3,5,9
8656,4,0,1,4,0,0,5,3,7,2,5,7,0,0,3,2,2,9,0,1,1,2,5,10
8657,4,3,1,4,0,3,5,3,7,4,5,7,0,0,3,2,8,2,3,2,5,3,5,0
8658,0,0,1,4,0,4,8,3,7,0,5,1,0,0,3,2,8,2,0,1,1,2,5,0
8659,0,0,1,1,0,1,7,0,7,2,6,0,2,0,3,2,2,1,0,1,1,1,5,11
8660,0,0,1,4,0,2,0,3,3,2,5,0,0,0,3,2,8,3,3,2,5,3,5,9
8661,0,0,1,1,0,2,0,3,7,2,5,0,0,0,3,2,2,1,3,2,5,3,5,0
8662,0,1,1,4,2,0,4,3,7,1,5,0,0,0,3,2,8,5,0,0,1,2,5,10
8663,0,1,1,4,0,2,1,3,7,2,6,0,0,0,3,2,8,2,0,1,1,2,5,12
8664,0,1,1,5,1,2,0,3,6,2,5,0,0,0,3,2,8,2,3,2,5,3,5,1
8665,0,1,1,2,0,1,5,3,9,2,5,0,0,0,3,2,8,2,1,0,3,2,5,10
8666,5,3,1,4,0,0,4,3,7,2,5,1,0,3,3,2,8,7,0,1,0,2,5,10
8667,5,2,1,4,0,2,4,3,9,2,5,1,0,3,3,2,8,1,3,2,5,3,5,7
8668,1,0,1,4,0,1,0,3,7,4,5,7,0,0,3,2,8,2,0,1,1,2,5,11
8669,1,1,1,4,0,5,0,3,9,0,5,7,0,0,3,2,8,2,3,2,5,3,5,0
8670,3,0,1,4,0,3,0,3,6,2,5,1,2,0,0,2,1,2,0,1,0,2,5,10
8671,3,2,1,4,0,3,10,3,6,2,6,1,0,0,0,2,2,7,3,2,5,3,5,3
8672,0,0,1,4,0,2,9,3,6,0,5,7,0,0,3,2,8,2,0,1,1,2,5,10
8673,0,1,1,2,0,1,7,3,1,2,5,7,0,0,3,2,8,8,3,2,5,3,5,1
8674,2,0,1,2,2,1,0,3,7,2,5,0,0,0,0,2,2,5,0,0,1,2,5,16
8675,2,0,1,4,0,4,0,3,7,6,5,0,2,0,0,2,8,2,3,2,5,3,5,3
8676,5,1,1,4,2,3,10,3,7,2,5,7,0,0,3,2,8,7,0,1,0,2,5,9
8677,5,1,1,4,0,3,10,3,7,0,5,7,0,0,3,2,1,2,3,2,5,3,5,10
8678,5,0,1,1,0,1,0,3,7,4,7,7,0,0,3,2,8,2,0,1,0,2,5,16
8679,5,0,1,4,0,1,7,3,6,2,5,7,0,0,3,2,1,7,2,1,3,2,5,3
8680,5,0,1,5,0,3,8,3,6,2,5,7,0,0,3,2,8,2,1,1,0,2,5,3
8681,1,0,1,1,0,2,5,3,6,1,5,0,0,3,0,2,8,12,1,0,1,2,5,9
8682,1,0,1,4,0,4,0,3,9,0,5,0,0,3,0,2,2,2,1,0,4,2,5,3
8683,1,0,1,1,0,4,0,0,1,2,5,0,0,3,0,2,8,2,3,2,5,3,5,4
8684,0,4,0,4,0,4,5,3,2,0,5,7,4,0,3,2,8,2,2,1,0,2,2,0
8685,0,1,1,4,0,2,0,3,6,4,5,7,0,0,3,2,8,2,2,1,1,2,6,10
8686,0,1,1,4,2,2,7,3,7,2,5,7,0,0,3,2,1,1,3,2,5,3,5,10
8687,2,1,1,2,2,2,0,3,9,6,3,7,0,0,3,2,2,2,0,1,3,2,5,1
8688,2,1,1,4,0,2,0,3,12,6,5,7,0,0,3,2,1,2,3,2,5,3,5,5
8689,2,0,1,4,0,1,0,3,6,2,5,7,0,0,3,2,8,2,2,1,4,2,5,1
8690,5,0,1,1,0,2,0,3,7,6,5,7,0,0,3,2,8,7,3,2,5,3,5,0
8691,5,0,1,4,0,1,5,3,7,2,5,7,0,0,3,2,8,9,0,1,0,2,5,9
8692,1,1,1,4,0,4,7,1,6,2,7,7,2,0,3,2,8,2,2,1,0,2,5,10
8693,6,3,1,1,0,1,8,3,6,2,5,7,0,3,3,4,8,2,2,0,0,2,5,1
8694,6,2,1,4,0,1,14,3,7,4,5,7,0,3,3,4,2,2,0,1,0,2,5,9
8695,5,2,1,4,0,1,7,3,6,2,5,1,0,0,3,2,2,2,3,2,5,3,5,10
8696,5,4,0,4,0,2,8,3,4,2,5,1,0,0,3,2,8,1,2,1,1,2,5,4
8697,6,3,1,4,0,2,14,3,6,4,5,0,0,3,0,4,8,2,0,1,1,2,5,4
8698,6,1,1,4,0,2,5,3,7,4,5,0,0,3,0,4,8,2,3,2,5,3,5,9
8699,4,0,1,4,2,2,0,3,7,2,5,1,0,0,3,2,8,2,0,1,0,2,5,9
8700,4,2,1,4,0,1,0,3,6,2,5,1,0,0,3,2,8,2,3,2,5,3,5,16
8701,4,1,1,4,0,4,0,3,2,2,5,1,0,0,3,2,8,2,0,1,1,2,5,3
8702,2,0,1,4,0,0,0,3,6,6,5,7,0,0,0,7,8,2,3,2,5,3,5,0
8703,2,4,0,4,0,4,16,3,9,6,5,7,0,0,0,7,8,2,0,1,1,2,5,5
8704,4,0,1,4,0,3,0,3,1,2,5,7,0,0,3,2,8,2,1,0,0,2,5,10
8705,4,2,1,4,0,4,14,0,7,6,5,7,0,0,3,2,8,2,0,0,1,2,5,9
8706,6,0,1,4,0,1,0,3,2,4,5,7,0,0,3,2,5,2,3,2,5,3,5,0
8707,6,0,1,4,0,0,0,3,7,1,5,7,0,0,3,2,8,7,3,2,5,3,5,1
8708,5,1,1,1,0,2,0,3,7,2,5,5,2,3,0,4,2,2,0,1,0,2,5,10
8709,5,1,1,4,2,4,8,3,2,4,5,1,0,3,3,2,8,9,0,1,3,2,5,2
8710,0,0,1,4,0,4,5,3,6,2,6,0,0,0,3,2,8,2,3,2,5,3,5,1
8711,6,1,1,6,0,4,5,3,6,0,5,7,0,0,3,2,8,2,0,1,1,2,5,12
8712,6,1,1,4,0,0,0,1,2,2,5,7,0,0,3,2,8,2,0,1,0,2,5,10
8713,3,1,1,1,2,2,5,1,7,4,7,1,0,0,3,2,8,2,0,1,1,2,5,18
8714,3,0,1,4,0,1,5,3,7,4,5,1,0,0,3,2,8,7,3,2,5,3,5,10
8715,0,4,0,4,2,4,5,3,2,4,5,7,0,0,0,2,2,2,0,1,0,2,5,1
8716,0,0,1,6,0,2,5,3,4,2,6,7,0,0,0,2,2,9,3,2,5,3,5,10
8717,5,1,1,6,0,2,0,3,6,4,5,1,0,0,3,2,8,2,2,1,1,2,5,0
8718,5,1,1,4,0,2,0,3,12,4,5,1,0,0,3,2,2,2,2,0,0,2,6,3
8719,2,0,1,4,0,1,0,3,7,4,5,7,0,0,3,2,2,2,2,0,0,2,6,1
8720,2,2,1,4,0,3,10,3,2,1,5,7,3,0,3,2,8,2,0,1,0,2,5,12
8721,6,1,1,4,0,2,0,3,6,4,5,7,0,0,3,2,8,2,3,2,5,3,5,10
8722,6,0,1,4,0,3,10,3,7,6,3,7,0,0,3,2,2,1,0,0,0,2,5,11
8723,0,2,1,4,0,1,10,3,7,6,5,7,0,0,3,2,8,3,3,2,5,3,5,11
8724,0,1,1,4,0,4,0,3,7,2,5,7,0,0,3,2,8,2,3,2,5,3,5,12
8725,0,1,1,4,0,4,4,3,7,1,5,0,0,0,3,2,8,9,0,1,1,2,5,0
8726,6,2,1,4,2,2,0,3,2,2,6,7,0,3,3,4,8,2,0,1,0,2,5,0
8727,5,0,1,4,0,1,5,0,9,2,5,1,0,3,0,2,8,2,3,2,5,3,5,10
8728,5,0,1,1,0,4,7,3,6,2,6,1,0,3,0,2,8,2,0,1,0,2,5,12
8729,0,2,1,4,0,1,8,3,7,2,5,1,0,0,3,2,1,2,3,2,5,3,5,10
8730,0,2,1,4,0,2,4,3,6,2,6,1,0,0,3,2,8,2,0,1,0,2,5,10
8731,0,1,1,2,0,3,6,3,7,2,5,1,0,0,3,2,2,2,1,0,0,2,5,1
8732,0,1,1,2,0,3,8,3,2,4,5,1,0,0,3,2,8,9,3,2,5,3,5,0
8733,0,1,1,4,0,2,4,3,6,2,5,1,0,0,3,2,8,9,0,1,1,2,5,10
8734,3,0,1,1,0,0,4,3,7,2,5,1,0,0,3,2,8,2,3,2,5,3,5,17
8735,0,0,1,1,0,2,0,3,7,2,5,7,0,0,0,2,8,1,0,1,1,2,5,12
8736,0,2,1,4,0,2,0,3,12,2,5,7,0,0,0,2,8,1,3,2,5,3,5,9
8737,1,4,0,4,0,0,7,3,2,0,6,2,0,0,0,2,8,2,0,1,1,2,5,5
8738,1,1,1,4,2,2,7,3,12,4,5,2,4,0,0,2,8,5,3,2,5,3,5,9
8739,1,1,1,2,2,3,0,3,9,0,5,2,0,0,0,2,8,7,0,1,0,2,5,1
8740,1,1,1,4,2,4,15,3,6,2,5,2,0,0,0,2,8,2,3,2,5,3,5,15
8741,4,4,0,6,2,2,7,3,6,4,5,1,0,0,3,2,2,1,3,2,5,3,5,5
8742,4,0,1,0,0,3,15,0,2,2,5,1,0,0,3,2,8,1,0,1,0,2,5,3
8743,4,0,1,2,0,4,4,3,9,4,5,1,0,0,3,2,2,7,0,1,1,2,5,10
8744,5,1,1,4,0,0,0,3,6,6,5,7,0,3,3,4,8,9,3,2,5,3,5,12
8745,6,0,1,4,0,3,7,3,9,1,5,0,0,0,3,2,8,3,1,0,4,2,5,15
8746,6,1,1,4,2,3,0,3,7,2,5,0,4,0,3,2,8,2,1,0,4,2,5,5
8747,4,1,1,4,0,3,0,0,7,2,5,0,0,0,3,2,1,2,3,2,5,3,5,1
8748,1,0,1,4,0,5,0,3,9,2,5,7,0,0,3,2,8,2,3,2,5,3,5,1
8749,1,0,1,4,0,0,0,3,4,4,5,7,0,0,3,2,8,2,0,1,1,2,5,1
8750,4,2,1,3,2,0,5,3,7,4,3,0,0,3,0,2,8,7,3,2,5,3,5,1
8751,1,1,1,4,2,4,7,3,6,4,5,7,0,0,3,2,1,2,0,0,0,2,5,9
8752,1,1,1,4,2,0,8,1,7,2,7,7,0,0,3,2,2,2,0,1,1,2,5,10
8753,0,2,1,4,2,1,8,0,7,4,5,3,0,3,0,2,8,2,3,2,5,3,5,15
8754,0,4,0,5,2,2,0,3,7,2,5,3,0,3,0,2,8,2,3,2,5,3,5,10
8755,1,1,1,5,2,3,3,3,7,0,5,7,0,0,0,5,8,1,1,0,3,2,5,3
8756,1,1,1,4,2,1,0,3,6,4,5,7,4,0,0,5,8,2,3,2,5,3,5,9
8757,5,0,1,1,2,3,10,0,7,2,5,0,0,0,3,2,8,2,0,1,0,2,5,16
8758,5,0,1,6,2,2,5,3,7,6,5,0,0,0,3,2,8,2,3,2,5,3,5,0
8759,5,0,1,4,2,2,10,1,7,2,5,0,0,0,3,2,8,2,0,0,1,2,5,1
8760,5,0,1,4,2,2,7,3,7,6,3,0,0,0,3,2,2,7,3,2,5,3,5,16
8761,6,0,1,4,2,4,5,3,6,4,5,0,1,0,3,2,2,3,2,0,0,2,5,14
8762,6,0,1,4,2,1,5,3,6,1,5,0,0,0,3,2,8,2,0,1,3,2,5,13
8763,6,2,1,1,0,1,3,3,2,6,5,0,0,0,3,2,8,2,3,2,5,3,5,12
8764,5,0,1,4,0,1,8,3,6,0,5,7,0,0,0,2,8,2,0,1,1,2,5,1
8765,5,3,1,4,0,1,8,3,6,6,5,7,0,0,0,2,8,2,3,2,5,3,5,9
8766,1,1,1,4,0,2,5,3,6,2,5,7,0,3,3,4,8,2,0,1,4,2,5,0
8767,1,1,1,4,0,2,5,3,6,1,5,7,2,3,3,4,6,2,3,2,5,3,5,11
8768,2,0,1,4,0,3,0,3,9,4,5,7,0,3,3,4,8,9,3,2,5,3,5,10
8769,2,0,1,1,0,2,7,3,9,6,5,7,0,3,3,4,2,2,0,1,3,2,5,12
8770,1,0,1,4,0,2,0,3,9,4,5,7,0,0,3,2,1,4,3,2,5,3,5,10
8771,1,0,1,4,0,3,7,3,6,0,5,7,0,0,3,2,8,2,0,1,1,2,5,10
8772,2,2,1,1,2,2,0,3,9,2,3,7,0,3,3,4,8,2,3,2,5,3,5,9
8773,2,0,1,4,2,2,8,0,7,2,5,7,0,3,3,4,8,2,0,1,1,2,5,1
8774,5,1,1,4,0,2,0,0,7,2,5,7,0,3,0,4,8,2,2,1,4,2,2,11
8775,5,1,1,4,0,4,9,3,7,2,5,7,0,3,0,4,8,2,0,1,0,2,5,9
8776,3,0,1,4,0,2,0,3,12,0,5,7,0,0,3,2,8,3,3,2,5,3,5,7
8777,4,0,1,4,0,2,7,3,12,0,5,7,0,3,0,4,8,3,0,1,1,2,5,16
8778,4,0,1,4,0,2,9,3,12,4,5,7,0,3,0,4,2,3,3,2,5,3,5,14
8779,6,1,1,4,0,3,14,3,9,1,5,7,3,0,3,2,6,4,3,2,5,3,5,1
8780,6,1,1,2,0,3,5,3,7,4,5,7,0,0,3,2,8,2,0,1,0,2,5,8
8781,1,2,1,4,0,3,5,3,6,2,5,7,0,3,3,2,1,11,0,1,1,2,5,13
8782,5,1,1,4,0,3,5,3,7,2,5,7,0,3,2,4,8,9,3,2,5,3,5,0
8783,5,1,1,4,0,3,0,3,12,4,5,7,0,3,2,4,8,1,2,1,3,2,1,1
8784,5,1,1,4,0,3,5,3,7,0,5,7,0,3,2,4,1,2,2,0,2,2,6,11
8785,6,0,1,4,0,2,0,3,4,2,5,7,0,0,2,7,1,2,3,2,5,3,5,15
8786,1,3,1,4,0,1,9,3,7,2,5,1,0,3,3,2,8,2,0,0,0,2,5,0
8787,1,4,0,4,0,4,0,3,6,2,5,1,0,3,3,2,8,9,0,1,0,2,5,12
8788,1,4,0,4,0,4,14,3,7,2,5,1,0,3,3,2,8,7,3,2,5,3,5,1
8789,5,1,1,4,0,1,0,3,7,2,5,1,0,3,3,3,8,3,0,1,1,2,5,10
8790,3,0,1,1,0,4,5,1,5,4,5,7,0,3,3,2,8,4,3,2,5,3,5,11
8791,3,2,1,4,0,4,7,3,7,6,5,7,0,3,3,2,2,2,2,1,1,2,5,10
8792,5,3,1,4,0,2,8,3,9,2,5,7,0,3,0,4,8,2,0,1,0,2,5,12
8793,5,1,1,4,0,2,0,3,6,2,5,7,0,3,0,4,8,2,3,2,5,3,5,13
8794,0,0,0,6,0,4,5,3,6,0,5,7,0,0,0,2,8,2,0,1,0,2,5,3
8795,0,1,1,4,0,4,0,3,3,1,5,7,0,0,0,2,8,2,3,2,5,3,5,0
8796,4,0,1,4,0,0,10,3,4,2,5,7,0,3,2,4,8,2,2,0,0,2,5,3
8797,4,0,1,1,0,3,0,3,7,4,5,7,0,3,3,0,8,2,0,1,0,2,5,0
8798,4,3,1,1,0,3,5,3,6,4,5,7,0,3,3,0,8,2,1,0,0,2,5,12
8799,4,0,1,1,0,4,9,3,6,6,5,7,0,0,0,2,8,2,3,2,5,3,5,10
8800,4,1,1,2,0,1,6,3,9,2,5,7,0,0,0,2,8,4,0,1,1,2,5,1
8801,4,0,1,4,0,1,9,3,9,2,5,1,4,3,0,4,8,3,3,2,5,3,5,1
8802,4,1,1,0,0,3,5,3,12,2,5,1,0,3,0,4,8,2,2,0,1,2,2,2
8803,0,2,1,4,0,1,0,0,7,2,5,1,0,0,0,2,8,3,3,2,5,3,5,10
8804,0,1,1,4,0,1,5,0,0,4,5,1,0,0,0,2,8,2,0,1,1,2,5,1
8805,4,0,1,2,0,0,14,3,6,6,5,0,0,0,0,2,8,3,0,1,1,2,5,0
8806,4,1,1,4,0,2,8,3,2,2,5,0,0,0,0,2,8,2,0,1,1,2,5,7
8807,6,0,1,4,0,4,0,0,2,2,5,1,0,3,0,4,2,2,3,2,5,3,5,13
8808,6,0,1,4,0,4,0,3,9,0,5,1,0,3,0,4,8,2,2,1,3,2,5,13
8809,6,0,1,1,0,2,0,3,9,2,5,1,0,3,0,4,8,2,3,2,5,3,5,10
8810,6,0,1,4,0,4,7,3,9,0,5,1,0,3,0,4,8,2,0,1,0,2,5,12
8811,0,2,1,4,0,0,0,3,9,2,5,7,0,3,0,2,8,4,3,2,5,3,5,16
8812,0,1,1,1,0,1,10,3,7,0,5,7,0,3,0,2,1,2,0,1,0,2,5,11
8813,1,0,1,2,0,0,10,3,7,2,5,1,0,3,0,2,8,3,3,2,5,3,5,10
8814,1,1,1,4,0,2,0,3,9,2,5,1,0,3,0,2,8,3,3,2,5,3,5,1
8815,2,0,1,4,0,4,9,3,7,6,5,1,4,3,0,4,8,3,0,1,0,2,5,3
8816,2,2,1,2,0,3,9,3,2,4,5,1,0,3,0,4,8,2,0,1,1,2,5,1
8817,4,0,1,1,2,2,5,3,7,4,5,1,0,3,0,2,8,2,3,2,5,3,5,16
8818,4,0,1,1,0,4,0,3,6,4,5,1,0,3,0,2,8,2,3,2,5,3,5,13
8819,1,1,1,4,0,2,8,3,6,2,5,7,0,3,3,4,8,2,0,1,0,2,5,4
8820,1,0,1,1,2,2,8,3,9,4,5,7,0,3,3,2,8,4,0,1,1,2,5,2
8821,1,0,2,4,0,1,5,3,7,2,5,7,0,3,3,2,1,2,3,2,5,3,5,19
8822,1,0,1,4,0,3,0,3,4,4,5,7,0,3,3,2,8,2,3,2,5,3,5,1
8823,0,4,0,4,0,2,14,3,6,2,5,7,0,3,0,4,8,2,0,1,1,2,5,10
8824,0,2,1,2,0,0,6,1,1,2,5,7,0,3,0,4,8,7,0,1,0,2,5,13
8825,4,1,1,1,0,2,0,3,9,2,5,2,4,3,3,2,8,3,1,1,1,2,5,12
8826,4,0,1,1,0,1,7,3,9,4,5,2,0,3,3,2,2,2,0,1,3,2,5,0
8827,4,1,1,4,0,4,0,3,2,4,3,7,0,2,3,2,8,2,3,2,5,3,5,11
8828,4,1,1,4,0,4,0,3,9,4,5,7,0,2,3,2,8,7,0,1,1,2,5,16
8829,4,1,1,4,0,2,0,3,7,6,5,7,0,2,3,2,8,2,3,2,5,3,5,3
8830,2,2,1,4,2,2,11,3,7,4,5,0,0,0,3,2,8,7,0,0,0,2,5,12
8831,6,0,1,1,0,0,0,3,7,3,5,3,0,0,3,2,8,4,0,1,0,2,5,11
8832,6,1,1,4,0,2,7,3,2,3,5,3,2,0,3,2,8,2,3,2,5,3,5,1
8833,6,0,0,1,0,3,0,0,7,3,5,3,0,0,3,2,8,2,3,2,5,3,5,3
8834,5,1,1,4,2,0,7,3,2,3,5,0,0,3,0,2,2,2,0,1,0,1,5,1
8835,5,0,1,4,0,2,5,3,2,2,5,0,0,3,0,2,8,2,0,0,1,2,5,1
8836,6,1,1,4,0,3,8,3,7,4,5,7,0,3,0,2,8,2,3,2,5,3,5,0
8837,6,3,1,1,2,1,10,0,7,4,5,7,0,3,0,2,8,2,3,2,5,3,5,17
8838,6,3,1,4,0,2,0,3,12,6,5,7,0,3,0,2,8,2,0,0,3,2,5,3
8839,4,1,1,4,0,4,8,3,9,4,5,1,0,0,0,2,6,2,3,2,5,3,5,10
8840,4,3,1,4,0,2,0,3,7,2,5,1,0,0,0,2,8,2,3,2,5,3,5,3
8841,6,2,1,2,0,3,5,3,6,4,5,7,0,0,3,2,8,2,3,2,5,3,5,0
8842,6,1,1,4,0,2,0,3,9,4,5,7,0,0,3,2,2,2,1,0,1,2,5,12
8843,6,1,1,1,0,0,5,3,7,1,3,7,0,0,3,2,8,2,0,1,0,1,5,1
8844,6,3,1,4,0,2,5,3,9,2,5,6,0,0,3,2,8,2,0,1,4,2,5,10
8845,6,1,1,1,0,0,5,3,9,4,5,6,0,0,3,2,8,2,3,2,5,3,5,9
8846,4,0,1,4,2,0,10,3,9,2,5,0,0,3,3,7,2,2,0,1,0,2,5,9
8847,4,0,1,0,2,0,0,3,7,6,5,0,0,3,3,7,2,2,3,2,5,3,5,10
8848,6,1,1,4,2,2,7,3,7,4,5,7,0,0,0,2,8,3,2,1,0,2,0,10
8849,6,0,1,4,0,2,7,3,7,1,5,7,0,0,0,2,8,2,2,1,0,2,5,10
8850,0,2,1,1,0,2,7,3,3,4,5,7,2,0,2,2,2,2,2,0,0,2,0,11
8851,0,0,1,2,2,4,0,3,9,4,5,7,0,0,2,2,2,2,3,2,5,3,5,3
8852,0,0,1,4,0,3,7,3,9,1,5,7,0,0,2,2,8,2,0,1,0,2,5,1
8853,1,3,1,4,0,2,5,3,9,4,5,7,0,3,3,2,8,9,0,1,0,2,5,0
8854,1,0,1,4,0,4,9,3,7,2,5,7,0,3,3,2,8,2,3,2,5,3,5,3
8855,0,3,1,4,0,3,5,3,6,2,5,7,0,3,0,2,2,2,0,1,1,2,5,3
8856,0,1,1,4,0,2,9,3,7,6,5,7,0,3,0,2,8,2,3,2,5,3,5,10
8857,2,3,1,4,2,3,5,3,6,0,5,1,0,0,0,2,8,2,0,1,1,2,5,13
8858,2,4,0,4,0,2,7,3,9,2,5,1,0,0,0,2,8,2,3,2,5,3,5,1
8859,2,4,0,4,0,0,5,3,6,0,1,1,0,0,0,2,6,2,0,1,0,2,5,1
8860,2,4,0,4,0,0,0,3,6,0,5,1,0,0,0,2,8,2,3,2,5,3,5,10
8861,4,0,1,4,0,0,11,1,7,0,5,7,2,0,0,2,8,2,2,1,1,2,5,10
8862,4,0,1,2,0,1,5,3,6,2,5,7,0,0,0,2,1,2,2,1,1,1,5,17
8863,0,2,1,2,2,3,7,3,6,2,5,7,0,0,3,2,8,9,0,1,1,2,5,2
8864,0,1,1,1,0,1,7,0,6,1,5,7,0,0,3,2,8,2,0,1,1,2,5,12
8865,6,2,1,4,0,3,0,3,7,4,5,7,0,0,3,2,8,7,0,1,0,2,5,11
8866,6,0,1,2,0,1,5,3,9,2,5,7,0,0,3,2,8,4,3,2,5,3,5,12
8867,5,0,1,4,1,5,8,3,9,2,1,0,0,3,0,4,2,2,3,2,5,3,5,13
8868,5,0,1,4,0,0,0,3,2,2,5,0,0,3,0,4,8,2,0,1,0,2,5,13
8869,5,0,1,4,2,2,0,3,7,2,5,0,0,3,0,4,8,9,2,0,3,2,0,9
8870,5,3,1,4,0,0,7,3,9,2,5,7,3,3,3,2,8,4,2,0,0,2,1,10
8871,2,4,0,4,0,3,0,3,7,4,5,7,0,3,0,2,8,2,2,1,0,2,1,9